{
  "n_genes": 92,
  "outlier_genes": [
    "CARM1",
    "METTL3",
    "METTL14"
  ],
  "Nc_predicted": 4.0,
  "cohens_d": 0.6608094983898216,
  "welch_p": 0.010506201140687666,
  "mannwhitney_p": 0.0009403516779625075,
  "permutation_p": 0.0069,
  "permutation_count": 69,
  "pearson_r_identity": 0.3840787551621658,
  "pearson_p_identity": 0.00015706095661822443,
  "spearman_r_identity": 0.4506307480484504,
  "spearman_p_identity": 6.559064008644753e-06,
  "pearson_r_fitness": 0.021759012794753303,
  "pearson_p_fitness": 0.8368878343475472,
  "cv_d_positive_pct": 95.0,
  "cv_auc_mean": 0.7293939393939395,
  "cv_auc_sd": 0.10166248918843655,
  "sigmoid_Nc": 11.88079972911501,
  "sigmoid_Nc_se": 223.78970201905506,
  "partial_r_is_tf": null,
  "partial_p_is_tf": null
}