{
  "data_source": "Li et al. 2018, Cell Reports 24:489-502, GEO: GSE107060",
  "reporter": "Rex1GFP",
  "identity_column": "-(d15_GFP+:GFP-)  [sign flipped from raw data]",
  "fitness_column": "-(d15_GFP-:Plasmid) [sign flipped from raw data]",
  "n_genes": 63,
  "NC_M_predicted": 7.29,
  "NC_M_test": 7,
  "cohens_d": 1.4886590329765306,
  "welch_p": 0.009512276377591417,
  "mannwhitney_p": 0.0013177655666823597,
  "permutation_p": 0.0001,
  "permutation_count": 1,
  "pearson_r_identity": 0.24292687805505617,
  "pearson_p_identity": 0.055059598738592896,
  "spearman_r_identity": 0.22779306722607745,
  "spearman_p_identity": 0.07256896922336556,
  "pearson_r_fitness": 0.16167346193724935,
  "pearson_p_fitness": 0.20555125304590177,
  "sigmoid_Nc": 8.048664219497827,
  "sigmoid_Nc_se": 0.4692415752362351,
  "sigmoid_converged": true,
  "NC_H_from_script04": 4.72,
  "NC_H_se": 0.47,
  "cross_species_ratio_predicted": 1.82,
  "cross_species_ratio_observed": 1.7052254702325904,
  "cross_species_ratio_se": 0.19676253974351193,
  "cross_species_ci_lo": 1.319570892335307,
  "cross_species_ci_hi": 2.0908800481298737,
  "cross_species_pct_error": 6.306292844363168,
  "predicted_in_95pct_CI": true,
  "note_pou5f1": "Pou5f1/Oct4 NOT excluded \u2014 reporter is Rex1GFP, not Oct4-GFP. Rex1 is an independent marker of naive pluripotency. No GFP-reporter technical confound."
}