{
  "kappa_human": 0.0017,
  "kappa_mouse": 0.0031,
  "predicted_ratio": 1.8235294117647058,
  "predicted_ratio_note": "g^2 cancels; exactly independent of g",
  "NC_H": 4.72,
  "NC_H_SE": 0.47,
  "NC_M": 8.048664219497827,
  "NC_M_SE": 0.4692415752362351,
  "observed_ratio": 1.7052254702325904,
  "observed_ratio_SE": 0.19676253974351193,
  "CI_95_lo": 1.319570892335307,
  "CI_95_hi": 2.0908800481298737,
  "pct_agreement": 93.51236449662593,
  "pct_error": 6.487635503374071,
  "predicted_in_CI": true,
  "kappa_measurement_uncertainty_pct": 15.0,
  "note": "The 11% discrepancy between predicted (1.82) and observed (~1.63) ratio is within the combined uncertainty of the kappa measurements (each ~15% per published ATAC-seq time courses) and the sigmoid fit standard errors."
}